MSE,RMSE,R2
0.008456397688346665,0.09195867380702413,0.5864842206187451
