MSE,RMSE,R2
0.004665716188933123,0.06830604796746129,0.7718476191230748
