MSE,RMSE,R2,train_time,pred_time,n_features
0.004665716188933123,0.06830604796746129,0.7718476191230748,0.009780645370483398,0.0004277229309082031,7
