MSE,RMSE,R2,train_time,pred_time,n_components,explained_variance
0.004785197697591803,0.06917512340134857,0.7660050025627481,0.0064470767974853516,0.0004975795745849609,5,0.974871430320657
