MSE,RMSE,R2,train_time,pred_time,model_type
0.003704655398788412,0.06086588041578313,0.8188432567829628,0.011708498001098633,0.00016379356384277344,Linear Regression
