MSE,RMSE,R2,train_time,pred_time,model_type
0.004665716188933123,0.06830604796746129,0.7718476191230748,0.008091449737548828,0.0006368160247802734,SVM
