MSE,RMSE,R2,train_time,pred_time,model_type,tree_depth,n_leaves
0.006365802180248156,0.07978597734093476,0.6887138298167161,0.0040798187255859375,0.0006222724914550781,Decision Tree,5,29
